,age,salery
0,23,21328.947368421053
1,20,13296.052631578947
2,30,40072.36842105264
